"ACQDATE","ACQYEAR","ASSISTED_PAYOUT_FLAG","BANK_INSURED","CERT","CHANGECODE","CHANGECODE_DESC","CHANGECODE_DESC_LONG","CHARTAGENT","CHARTER_COM_TO_OTHER_FLAG","CHARTER_COM_TO_OTS_FLAG","CHARTER_OTHER_TO_COM_FLAG","CHARTER_OTS_TO_COM_FLAG","CLASS","CLASS_CHANGE_FLAG","CLASS_TYPE","CLASS_TYPE_DESC","CLCODE","CNTYNAME","CNTYNUM","EFFDATE","EFFYEAR","ENDDATE","ENDYEAR","ESTDATE","ESTYEAR","FAILED_COM_TO_COM_FLAG","FAILED_OTHER_TO_COM_FLAG","FAILED_OTS_TO_COM_FLAG","FAILED_OTS_TO_OTS_FLAG","FAILED_RTC_FLAG","FDICREGION","FDICREGION_DESC","FI_EFFDATE","FI_UNINUM","FRM_CLASS","FRM_CLASS_TYPE","FRM_CLASS_TYPE_DESC","FRM_CLCODE","FRM_CNTYNUM","FRM_INSAGENT1","FRM_ORGTYPE_NUM","FRM_PSTALP","FRM_PSTNUM","FRM_REGAGENT","ID","INSAGENT1","INSAGENT1_CHANGE_FLAG","INSAGENT2","INSTNAME","INSURED_COM_FLAG","INSURED_OTS_FLAG","LATITUDE","LONGITUDE","MADDR","MADDR2","MCITY","MSTALP","MSTATE","MZIP5","MZIPREST","NEW_CHARTER_DENOVO_FLAG","NEW_CHARTER_FLAG","OFF_CNTYNUM","OFF_NUM","ORGTYPE","ORGTYPE_NUM","ORG_ROLE_CDE","ORG_STAT_FLG","PADDR","PADDR2","PCITY","PROCDATE","PROCYEAR","PSTALP","PZIP5","PZIPREST","REGAGENT","REGAGENT_CHANGE_FLAG","RELOCATE_FLAG","REPORT_TYPE","SERVTYPE","SERVTYPE_DESC","STATE","STNUM","TRANSNUM","TRUST","UNASSIST_COM_TO_COM_FLAG","UNASSIST_COM_TO_OTS_FLAG","UNASSIST_OTHER_TO_COM_FLAG","UNASSIST_OTS_TO_COM_FLAG","UNASSIST_OTS_TO_OTS_FLAG","UNINUM","VOLUNTARY_LIQUIDATION_FLAG","WITHDRAW_INSURANCE_COM_FLAG"
"2019-11-30T00:00:00","2019","0","N","46915","110","NEW INSTITUTION","Institution established but was not FDIC insured. Original name: TURBINE FEDERAL CREDIT UNION ().","NCUA","0","0","0","0","CU","0","N/A","N/A","92","GREENVILLE","45","2015-03-12T00:00:00","2015","9999-12-31T00:00:00","9999","1976-07-16T00:00:00","1976","0","0","0","0","0","5","ATLANTA","","0","CU","N/A","N/A","0","0","NCUA","0","SC","0","NCUA","200019876_110_111310__","NCUA","0","","TURBINE FEDERAL CREDIT UNION","0","0","34.834851","-82.289095","300 GALINGTON ROAD","0","GREENVILLE","SC","SOUTH CAROLINA","29607","","1","0","0","0","CREDIT UNION","140","FI","N","300 GARLINGTON ROAD","0","GREENVILLE","2000-04-08T00:00:00","2000","SC","29615","","NCUA","0","0","110","11","FULL SERVICE - BRICK AND MORTAR","SOUTH CAROLINA","45","200019876","","0","0","0","0","0","111310","0","0"
"2014-01-01T00:00:00","2014","0","N","59084","110","NEW INSTITUTION","Institution established but was not FDIC insured. Original name: Dougherty Interim Trust National Bank ().","OCC","0","0","0","0","NC","0","N/A","N/A","50","DOUGHERTY","95","2014-01-01T00:00:00","2014","9999-12-31T00:00:00","9999","2014-01-01T00:00:00","2014","0","0","0","0","0","5","ATLANTA","","0","NC","N/A","N/A","0","0","NONE","0","GA","0","OCC","201400788_110_549480__","NONE","0","","Dougherty Interim Trust National Bank","0","0","31.610775002165667","-84.22065667176719","2815 MEREDYTH DRIVE","","ALBANY","GA","GEORGIA","31707","0000","1","0","0","0","TRUST COMPANY","310","FI","Y","2815 MEREDYTH DRIVE","","ALBANY","2014-02-18T00:00:00","2014","GA","31707","0000","OCC","0","0","110","11","FULL SERVICE - BRICK AND MORTAR","GEORGIA","13","201400788","None","0","0","0","0","0","549480","0","0"
"2021-04-30T00:00:00","2021","0","Y","59086","110","NEW INSTITUTION","Institution established. Original name: Primary Bank ().","STATE","0","0","0","0","NM","0","C","Commercial","21","HILLSBOROUGH","11","2015-07-28T00:00:00","2015","9999-12-31T00:00:00","9999","2015-07-28T00:00:00","2015","0","0","0","0","0","2","NEW YORK","","0","NM","C","Commercial","0","0","DIF","0","NH","0","FDIC","201505506_110_560705__","DIF","0","","Primary Bank","0","0","42.93917981369856","-71.52362615692078","207 Route 101","","BEDFORD","NH","NEW HAMPSHIRE","03110","5422","1","1","0","0","COMMERCIAL BANK","10","FI","N","207 ROUTE 101","","BEDFORD","2015-07-28T00:00:00","2015","NH","03110","0000","FDIC","0","0","110","11","FULL SERVICE - BRICK AND MORTAR","NEW HAMPSHIRE","33","201505506","","0","0","0","0","0","560705","0","0"
"2021-09-29T00:00:00","2021","0","Y","59093","110","NEW INSTITUTION","Institution established. Original name: International Bank of Commerce ().","STATE","0","0","0","0","NM","0","C","Commercial","21","OKLAHOMA","109","2017-01-01T00:00:00","2017","9999-12-31T00:00:00","9999","2017-01-01T00:00:00","2017","0","0","0","0","0","13","DALLAS","","0","NM","C","Commercial","0","0","DIF","0","OK","0","FDIC","201700015_110_575595__","DIF","0","","International Bank of Commerce","0","0","35.53526119724751","-97.586159899559","3817 N West Expy","Suite 100","OKLAHOMA CITY","OK","OKLAHOMA","73112","1489","1","1","0","0","COMMERCIAL BANK","10","FI","N","3817 N West Expy","Suite 100","OKLAHOMA CITY","2017-01-04T00:00:00","2017","OK","73112","0000","FDIC","0","0","110","11","FULL SERVICE - BRICK AND MORTAR","OKLAHOMA","40","201700015","","0","0","0","0","0","575595","0","0"
"2017-09-05T00:00:00","2017","0","Y","59094","110","NEW INSTITUTION","Institution established. Original name: Blue Gate Bank ().","STATE","0","0","0","0","NM","0","C","Commercial","21","ORANGE","59","2017-01-23T00:00:00","2017","9999-12-31T00:00:00","9999","2017-01-23T00:00:00","2017","0","0","0","0","0","14","SAN FRANCISCO","","0","NM","C","Commercial","0","0","DIF","0","CA","0","FDIC","201700205_110_576782__","DIF","0","","Blue Gate Bank","0","0","33.690067321850506","-117.88207519221567","611 ANTON BOULEVARD, SUITE 1050","","COSTA MESA","CA","CALIFORNIA","92626","0000","1","1","0","0","COMMERCIAL BANK","10","FI","N","611 ANTON BOULEVARD, SUITE 1050","","COSTA MESA","2017-01-23T00:00:00","2017","CA","92626","0000","FDIC","0","0","110","11","FULL SERVICE - BRICK AND MORTAR","CALIFORNIA","6","201700205","","0","0","0","0","0","576782","0","0"
"2017-04-27T00:00:00","2017","0","N","59103","110","NEW INSTITUTION","Institution established but was not FDIC insured. Original name: Newton Federal Bank ().","STATE","0","0","0","0","NS","0","N/A","N/A","81","NEWTON","217","2017-04-27T00:00:00","2017","9999-12-31T00:00:00","9999","2017-04-27T00:00:00","2017","0","0","0","0","0","5","ATLANTA","","0","NS","N/A","N/A","0","0","NONE","0","GA","0","STATE","201701647_110_584933__","NONE","0","","Newton Federal Bank","0","0","33.60290357494108","-83.85747534341158","3175 HIGHWAY 278","","COVINGTON","GA","GEORGIA","30014","0000","1","0","0","0","STOCK SAVINGS BANK","115","FI","Y","3175 HIGHWAY 278","","COVINGTON","2017-05-01T00:00:00","2017","GA","30014","0000","STATE","0","0","110","11","FULL SERVICE - BRICK AND MORTAR","GEORGIA","13","201701647","","0","0","0","0","0","584933","0","0"
"2017-12-17T00:00:00","2017","0","Y","59104","110","NEW INSTITUTION","Institution established. Original name: The Bank of Austin ().","STATE","0","0","0","0","NM","0","C","Commercial","21","TRAVIS","453","2017-07-10T00:00:00","2017","9999-12-31T00:00:00","9999","2017-07-10T00:00:00","2017","0","0","0","0","0","13","DALLAS","","0","NM","C","Commercial","0","0","DIF","0","TX","0","FDIC","201703595_110_584937__","DIF","0","","The Bank of Austin","0","0","30.375065621126595","-97.73932214481547","8611 N MOPAC EXPY  STE 101","","AUSTIN","TX","TEXAS","78759","8319","1","1","0","0","COMMERCIAL BANK","10","FI","N","8701 N. MOPAC EXPRESSWAY  STE 225","","AUSTIN","2017-07-10T00:00:00","2017","TX","78759","0000","FDIC","0","0","110","11","FULL SERVICE - BRICK AND MORTAR","TEXAS","48","201703595","","0","0","0","0","0","584937","0","0"
"2022-08-30T00:00:00","2022","0","Y","59105","110","NEW INSTITUTION","Institution established. Original name: Winter Park National Bank ().","OCC","0","0","0","0","N","0","C","Commercial","3","ORANGE","95","2017-08-01T00:00:00","2017","9999-12-31T00:00:00","9999","2017-08-01T00:00:00","2017","0","0","0","0","0","5","ATLANTA","","0","N","C","Commercial","0","0","DIF","0","FL","0","OCC","201706432_110_584940__","DIF","0","","Winter Park National Bank","0","0","28.599084000000005","-81.35281481672313","201 NORTH NEW YORK AVENUE, SUITE 100","","WINTER PARK","FL","FLORIDA","32789","3163","1","1","0","0","COMMERCIAL BANK","10","FI","N","201 NORTH NEW YORK AVENUE, SUITE 100","","WINTER PARK","2017-08-03T00:00:00","2017","FL","32789","3163","OCC","0","0","110","11","FULL SERVICE - BRICK AND MORTAR","FLORIDA","12","201706432","","0","0","0","0","0","584940","0","0"
"2020-06-28T00:00:00","2020","0","Y","59101","110","NEW INSTITUTION","Institution established. Original name: Tennessee Bank & Trust ().","STATE","0","0","0","0","NM","0","C","Commercial","21","DAVIDSON","37","2017-10-01T00:00:00","2017","9999-12-31T00:00:00","9999","2017-10-01T00:00:00","2017","0","0","0","0","0","13","DALLAS","","0","NM","C","Commercial","0","0","DIF","0","TN","0","FDIC","201707937_110_582453__","DIF","0","","Tennessee Bank & Trust","0","0","36.1040412043628","-86.81548239216237","10 Lea Ave Ste 900","","NASHVILLE","TN","TENNESSEE","37210","3526","1","1","0","0","COMMERCIAL BANK","10","FI","N","4007 HILLSBORO PIKE","","NASHVILLE","2017-10-02T00:00:00","2017","TN","37215","0000","FDIC","0","0","110","11","FULL SERVICE - BRICK AND MORTAR","TENNESSEE","47","201707937","","0","0","0","0","0","582453","0","0"
"2022-08-30T00:00:00","2022","0","Y","59106","110","NEW INSTITUTION","Institution established. Original name: Beacon Community Bank ().","STATE","0","0","0","0","NM","0","C","Commercial","21","CHARLESTON","19","2018-01-08T00:00:00","2018","9999-12-31T00:00:00","9999","2018-01-08T00:00:00","2018","0","0","0","0","0","5","ATLANTA","","0","NM","C","Commercial","0","0","DIF","0","SC","0","FDIC","201800334_110_589084__","DIF","0","","Beacon Community Bank","0","0","32.79184539072484","-79.93097014550557","578 EAST BAY STREET, SUITE C","","CHARLESTON","SC","SOUTH CAROLINA","29403","0000","1","1","0","0","COMMERCIAL BANK","10","FI","N","578 EAST BAY STREET, SUITE D","","CHARLESTON","2018-01-10T00:00:00","2018","SC","29403","0000","FDIC","0","0","110","11","FULL SERVICE - BRICK AND MORTAR","SOUTH CAROLINA","45","201800334","","0","0","0","0","0","589084","0","0"
"2018-08-09T00:00:00","2018","0","Y","59099","110","NEW INSTITUTION","Institution established. Original name: Endeavor Bank ().","STATE","0","0","0","0","NM","0","C","Commercial","21","SAN DIEGO","73","2018-01-22T00:00:00","2018","9999-12-31T00:00:00","9999","2018-01-22T00:00:00","2018","0","0","0","0","0","14","SAN FRANCISCO","","0","NM","C","Commercial","0","0","DIF","0","CA","0","FDIC","201800705_110_580841__","DIF","0","","Endeavor Bank","0","0","32.71782748600597","-117.1578915","750 B STREET SUITE 3110","","SAN DIEGO","CA","CALIFORNIA","92101","0000","1","1","0","0","COMMERCIAL BANK","10","FI","N","750 B STREET SUITE 3110","","SAN DIEGO","2018-01-22T00:00:00","2018","CA","92101","0000","FDIC","0","0","110","11","FULL SERVICE - BRICK AND MORTAR","CALIFORNIA","6","201800705","","0","0","0","0","0","580841","0","0"
"2018-02-01T00:00:00","2018","0","N","59134","110","NEW INSTITUTION","Institution established but was not FDIC insured. Original name: Infinity Bank ().","STATE","0","0","0","0","NC","0","N/A","N/A","51","ORANGE","59","2018-02-01T00:00:00","2018","9999-12-31T00:00:00","9999","2018-02-01T00:00:00","2018","0","0","0","0","0","14","SAN FRANCISCO","","0","NC","N/A","N/A","0","0","NONE","0","CA","0","STATE","201801096_110_594580__","NONE","0","","Infinity Bank","0","0","33.696883189220834","-117.86556953142093","6 HUTTON CENTRE DR. STE 100","","SANTA ANA","CA","CALIFORNIA","92707","","1","0","0","0","COMMERCIAL BANK","10","FI","Y","6 HUTTON CENTRE DR STE 100","","SANTA ANA","2018-02-02T00:00:00","2018","CA","92707","0000","STATE","0","0","110","11","FULL SERVICE - BRICK AND MORTAR","CALIFORNIA","6","201801096","","0","0","0","0","0","594580","0","0"
"2018-03-01T00:00:00","2018","0","Y","59098","110","NEW INSTITUTION","Institution established. Original name: Infinity Bank ().","STATE","0","0","0","0","NM","0","C","Commercial","21","ORANGE","59","2018-02-01T00:00:00","2018","9999-12-31T00:00:00","9999","2018-02-01T00:00:00","2018","0","0","0","0","0","14","SAN FRANCISCO","","0","NM","C","Commercial","0","0","DIF","0","CA","0","FDIC","201801194_110_580221__","DIF","0","","Infinity Bank","0","0","33.696883189220834","-117.86556953142093","6 HUTTON CENTRE DRIVE SUITE 100","","SANTA ANA","CA","CALIFORNIA","92707","0000","1","1","0","0","COMMERCIAL BANK","10","FI","N","6 HUTTON CENTRE DRIVE SUITE 100","","SANTA ANA","2018-02-07T00:00:00","2018","CA","92707","0000","FDIC","0","0","110","11","FULL SERVICE - BRICK AND MORTAR","CALIFORNIA","6","201801194","","0","0","0","0","0","580221","0","0"
"2022-06-29T00:00:00","2022","0","Y","59114","110","NEW INSTITUTION","Institution established. Original name: CommerceOne Bank ().","STATE","0","0","0","0","NM","0","C","Commercial","21","JEFFERSON","73","2018-06-04T00:00:00","2018","9999-12-31T00:00:00","9999","2018-06-04T00:00:00","2018","0","0","0","0","0","5","ATLANTA","","0","NM","C","Commercial","0","0","DIF","0","AL","0","FDIC","201804205_110_593146__","DIF","0","","CommerceOne Bank","0","0","33.489553968204646","-86.78855977664655","2100 SOUTHBRIDGE PARKWAY, SUITE 385","","BIRMINGHAM","AL","ALABAMA","35209","0000","1","1","0","0","COMMERCIAL BANK","10","FI","N","2100 SOUTHBRIDGE PARKWAY, SUITE 385","","BIRMINGHAM","2018-06-05T00:00:00","2018","AL","35209","0000","FDIC","0","0","110","11","FULL SERVICE - BRICK AND MORTAR","ALABAMA","1","201804205","","0","0","0","0","0","593146","0","0"
"2018-06-27T00:00:00","2018","0","Y","59112","110","NEW INSTITUTION","Institution established. Original name: Studio Bank ().","STATE","0","0","0","0","NM","0","C","Commercial","21","DAVIDSON","37","2018-06-14T00:00:00","2018","9999-12-31T00:00:00","9999","2018-06-14T00:00:00","2018","0","0","0","0","0","13","DALLAS","","0","NM","C","Commercial","0","0","DIF","0","TN","0","FDIC","201804758_110_591900__","DIF","0","","Studio Bank","0","0","36.1554590978941","-86.78667822586193","124 12TH AVENUE SOUTH SUITE 400","","NASHVILLE","TN","TENNESSEE","37203","0000","1","1","0","0","COMMERCIAL BANK","10","FI","N","124 12TH AVENUE SOUTH SUITE 400","","NASHVILLE","2018-06-14T00:00:00","2018","TN","37203","0000","FDIC","0","0","110","11","FULL SERVICE - BRICK AND MORTAR","TENNESSEE","47","201804758","","0","0","0","0","0","591900","0","0"
"2018-07-09T00:00:00","2018","0","Y","59108","110","NEW INSTITUTION","Institution established. Original name: Charles Schwab Trust Bank ().","STATE","0","0","0","0","SI","0","S","Savings","41","CLARK","3","2018-07-02T00:00:00","2018","9999-12-31T00:00:00","9999","2018-07-02T00:00:00","2018","0","0","0","0","0","16","COMPLEX FINANCIAL INSTITUTIONS","","0","SI","S","Savings","0","0","DIF","0","NV","0","FDIC","201805536_110_589496__","DIF","0","","Charles Schwab Trust Bank","0","0","36.02568559665924","-115.08857903690352","3000 Schwab Way","","WESTLAKE","TX","TEXAS","76262","8104","1","1","0","0","STOCK SAVINGS BANK","115","FI","N","2360 Corporate Circle, Suite 400","","HENDERSON","2018-07-05T00:00:00","2018","NV","89074","0000","FDIC","0","0","110","11","FULL SERVICE - BRICK AND MORTAR","NEVADA","32","201805536","Full","0","0","0","0","0","589496","0","0"
"2018-09-30T00:00:00","2018","0","N","59167","110","NEW INSTITUTION","Institution established but was not FDIC insured. Original name: Community Works FCU ().","NCUA","0","0","0","0","CU","0","N/A","N/A","92","GREENVILLE","45","2014-10-01T00:00:00","2014","9999-12-31T00:00:00","9999","2014-03-27T00:00:00","2014","0","0","0","0","0","5","ATLANTA","","0","CU","N/A","N/A","0","0","NCUA","0","SC","0","NCUA","201810241_110_605856__","NCUA","0","","Community Works FCU","0","0","34.84204427612695","-82.36584523108642","115 ANTRIM DRIVE","","GREENVILLE","SC","SOUTH CAROLINA","29607","","1","0","0","0","CREDIT UNION","140","FI","N","115 W ANTRIM DRIVE","","GREENVILLE","2018-11-05T00:00:00","2018","SC","29607","0000","NCUA","0","0","110","11","FULL SERVICE - BRICK AND MORTAR","SOUTH CAROLINA","45","201810241","","0","0","0","0","0","605856","0","0"
"2022-08-30T00:00:00","2022","0","Y","59140","110","NEW INSTITUTION","Institution established. Original name: Gulfside Bank ().","STATE","0","0","0","0","NM","0","C","Commercial","21","SARASOTA","115","2018-11-13T00:00:00","2018","9999-12-31T00:00:00","9999","2018-11-13T00:00:00","2018","0","0","0","0","0","5","ATLANTA","","0","NM","C","Commercial","0","0","DIF","0","FL","0","FDIC","201810471_110_596314__","DIF","0","","Gulfside Bank","0","0","27.339110612268453","-82.53865392258626","333 NORTH ORANGE AVENUE","","SARASOTA","FL","FLORIDA","34236","0000","1","1","0","0","COMMERCIAL BANK","10","FI","N","333 NORTH ORANGE AVENUE","","SARASOTA","2018-11-13T00:00:00","2018","FL","34236","0000","FDIC","0","0","110","11","FULL SERVICE - BRICK AND MORTAR","FLORIDA","12","201810471","","0","0","0","0","0","596314","0","0"
"2022-08-30T00:00:00","2022","0","N","59175","110","NEW INSTITUTION","Institution established but was not FDIC insured. Original name: Civic Federal Credit Union ().","NCUA","0","0","0","0","CU","0","N/A","N/A","92","WAKE","183","2018-11-13T00:00:00","2018","9999-12-31T00:00:00","9999","2018-11-13T00:00:00","2018","0","0","0","0","0","5","ATLANTA","","0","CU","N/A","N/A","0","0","NCUA","0","NC","0","NCUA","201810965_110_607085__","NCUA","0","","Civic Federal Credit Union","0","0","35.832250983034456","-78.61769653753869","3600 WAKE FOREST ROAD","","RALEIGH","NC","NORTH CAROLINA","27609","","1","0","0","0","CREDIT UNION","140","FI","N","3600 WAKE FOREST ROAD","","RALEIGH","2018-12-04T00:00:00","2018","NC","27609","0000","NCUA","0","0","110","11","FULL SERVICE - BRICK AND MORTAR","NORTH CAROLINA","37","201810965","","0","0","0","0","0","607085","0","0"
"2022-08-30T00:00:00","2022","0","Y","59149","110","NEW INSTITUTION","Institution established. Original name: Generations Commercial Bank ().","STATE","0","0","0","0","NM","0","C","Commercial","21","SENECA","99","2018-12-31T00:00:00","2018","9999-12-31T00:00:00","9999","2018-12-31T00:00:00","2018","0","0","0","0","0","2","NEW YORK","","0","NM","C","Commercial","0","0","DIF","0","NY","0","FDIC","201900478_110_597898__","DIF","0","","Generations Commercial Bank","0","0","42.911362036643716","-76.7960415093768","19 Cayuga St","","SENECA FALLS","NY","NEW YORK","13148","1401","1","1","0","0","COMMERCIAL BANK","10","FI","N","19 Cayuga St","","SENECA FALLS","2019-01-22T00:00:00","2019","NY","13148","0000","FDIC","0","0","110","11","FULL SERVICE - BRICK AND MORTAR","NEW YORK","36","201900478","","0","0","0","0","0","597898","0","0"
"2019-01-28T00:00:00","2019","0","Y","59148","110","NEW INSTITUTION","Institution established. Original name: Watermark Bank ().","STATE","0","0","0","0","NM","0","C","Commercial","21","OKLAHOMA","109","2019-01-22T00:00:00","2019","9999-12-31T00:00:00","9999","2019-01-22T00:00:00","2019","0","0","0","0","0","13","DALLAS","","0","NM","C","Commercial","0","0","DIF","0","OK","0","FDIC","201900496_110_597365__","DIF","0","","Watermark Bank","0","0","35.53729609302295","-97.52643555938033","921 NW 63RD STREET","","OKLAHOMA CITY","OK","OKLAHOMA","73116","","1","1","0","0","COMMERCIAL BANK","10","FI","N","921 NW 63RD STREET","","OKLAHOMA CITY","2019-01-23T00:00:00","2019","OK","73116","0000","FDIC","0","0","110","11","FULL SERVICE - BRICK AND MORTAR","OKLAHOMA","40","201900496","","0","0","0","0","0","597365","0","0"
"2021-08-28T00:00:00","2021","0","Y","59138","110","NEW INSTITUTION","Institution established. Original name: Mi Bank ().","STATE","0","0","0","0","NM","0","C","Commercial","21","OAKLAND","125","2019-04-15T00:00:00","2019","9999-12-31T00:00:00","9999","2019-04-15T00:00:00","2019","0","0","0","0","0","9","CHICAGO","","0","NM","C","Commercial","0","0","DIF","0","MI","0","FDIC","201903144_110_596262__","DIF","0","","Mi Bank","0","0","42.5452204028349","-83.26406394477837","3707 WEST MAPLE ROAD","","BLOOMFIELD TOWNSHIP","MI","MICHIGAN","48301","","1","1","0","0","COMMERCIAL BANK","10","FI","N","3707 WEST MAPLE ROAD","","BLOOMFIELD TOWNSHIP","2019-04-15T00:00:00","2019","MI","48301","0000","FDIC","0","0","110","11","FULL SERVICE - BRICK AND MORTAR","MICHIGAN","26","201903144","","0","0","0","0","0","596262","0","0"
"2019-11-18T00:00:00","2019","0","Y","59144","110","NEW INSTITUTION","Institution established. Original name: Ohio State Bank ().","STATE","0","0","0","0","NM","0","C","Commercial","21","FRANKLIN","49","2019-04-22T00:00:00","2019","9999-12-31T00:00:00","9999","2019-04-22T00:00:00","2019","0","0","0","0","0","9","CHICAGO","","0","NM","C","Commercial","0","0","DIF","0","OH","0","FDIC","201903307_110_597057__","DIF","0","","Ohio State Bank","0","0","39.956989506780666","-82.93164269608748","P.O. Box 91117","","BEXLEY","OH","OHIO","43209","7117","1","1","0","0","COMMERCIAL BANK","10","FI","N","2511 EAST MAIN STREET","","BEXLEY","2019-04-24T00:00:00","2019","OH","43209","0000","FDIC","0","0","110","11","FULL SERVICE - BRICK AND MORTAR","OHIO","39","201903307","","0","0","0","0","0","597057","0","0"
"2019-05-13T00:00:00","2019","0","Y","59113","110","NEW INSTITUTION","Institution established. Original name: Grasshopper Bank, N.A. ().","OCC","0","0","0","0","N","0","C","Commercial","3","NEW YORK","61","2019-05-13T00:00:00","2019","9999-12-31T00:00:00","9999","2019-05-13T00:00:00","2019","0","0","0","0","0","2","NEW YORK","","0","N","C","Commercial","0","0","DIF","0","NY","0","OCC","201903691_110_591959__","DIF","0","","Grasshopper Bank, N.A.","0","0","40.73971352262103","-73.98965799446007","915 BROADWAY, 7TH FLOOR","","NEW YORK","NY","NEW YORK","10010","","1","1","0","0","COMMERCIAL BANK","10","FI","N","915 BROADWAY, 7TH FLOOR","","NEW YORK","2019-05-14T00:00:00","2019","NY","10010","0000","OCC","0","0","110","11","FULL SERVICE - BRICK AND MORTAR","NEW YORK","36","201903691","","0","0","0","0","0","591959","0","0"
"2019-05-20T00:00:00","2019","0","Y","59157","110","NEW INSTITUTION","Institution established. Original name: American Bank & Trust ().","STATE","0","0","0","0","NM","0","C","Commercial","21","UNION","179","2019-05-20T00:00:00","2019","9999-12-31T00:00:00","9999","2019-05-20T00:00:00","2019","0","0","0","0","0","5","ATLANTA","","0","NM","C","Commercial","0","0","DIF","0","NC","0","FDIC","201903759_110_604027__","DIF","0","","American Bank & Trust","0","0","35.02683749933618","-80.58653254284748","3302 HIGHWAY 74 WEST","","MONROE","NC","NORTH CAROLINA","28110","","1","1","0","0","COMMERCIAL BANK","10","FI","N","3302 HIGHWAY 74 WEST","","MONROE","2019-05-20T00:00:00","2019","NC","28110","0000","FDIC","0","0","110","11","FULL SERVICE - BRICK AND MORTAR","NORTH CAROLINA","37","201903759","","0","0","0","0","0","604027","0","0"
"2021-02-10T00:00:00","2021","0","Y","59143","110","NEW INSTITUTION","Institution established. Original name: New Valley Bank & Trust ().","STATE","0","0","0","0","NM","0","C","Commercial","21","HAMPDEN","13","2019-05-30T00:00:00","2019","9999-12-31T00:00:00","9999","2019-05-30T00:00:00","2019","0","0","0","0","0","2","NEW YORK","","0","NM","C","Commercial","0","0","DIF","0","MA","0","FDIC","201904256_110_596800__","DIF","0","","New Valley Bank & Trust","0","0","42.10202831646735","-72.59125226057164","1 Monarch Pl","","SPRINGFIELD","MA","MASSACHUSETTS","01144","1099","1","1","0","0","COMMERCIAL BANK","10","FI","N","ONE MONARCH PLACE SUITE 910","","SPRINGFIELD","2019-06-04T00:00:00","2019","MA","01144","0000","FDIC","0","0","110","11","FULL SERVICE - BRICK AND MORTAR","MASSACHUSETTS","25","201904256","","0","0","0","0","0","596800","0","0"
"2020-01-09T00:00:00","2020","0","Y","59154","110","NEW INSTITUTION","Institution established. Original name: Piermont Bank ().","STATE","0","0","0","0","NM","0","C","Commercial","21","NEW YORK","61","2019-07-01T00:00:00","2019","9999-12-31T00:00:00","9999","2019-07-01T00:00:00","2019","0","0","0","0","0","2","NEW YORK","","0","NM","C","Commercial","0","0","DIF","0","NY","0","FDIC","201905595_110_603217__","DIF","0","","Piermont Bank","0","0","40.75450833730137","-73.98348063991656","4 BRYANT PARK, 3RD FLOOR","","NEW YORK","NY","NEW YORK","10018","0000","1","1","0","0","COMMERCIAL BANK","10","FI","N","4 BRYANT PARK, 3RD FLOOR","","NEW YORK","2019-07-02T00:00:00","2019","NY","10018","0000","FDIC","0","0","110","11","FULL SERVICE - BRICK AND MORTAR","NEW YORK","36","201905595","","0","0","0","0","0","603217","0","0"
"2019-07-09T00:00:00","2019","0","Y","59183","110","NEW INSTITUTION","Institution established. Original name: Trustar Bank ().","STATE","0","0","0","0","NM","0","C","Commercial","21","FAIRFAX","59","2019-07-08T00:00:00","2019","9999-12-31T00:00:00","9999","2019-07-08T00:00:00","2019","0","0","0","0","0","5","ATLANTA","","0","NM","C","Commercial","0","0","DIF","0","VA","0","FDIC","201905703_110_611933__","DIF","0","","Trustar Bank","0","0","38.99641895195757","-77.28845663486761","774 Walker Rd","","GREAT FALLS","VA","VIRGINIA","22066","2656","1","1","0","0","COMMERCIAL BANK","10","FI","N","774 A WALKER ROAD","","GREAT FALLS","2019-07-09T00:00:00","2019","VA","22066","0000","FDIC","0","0","110","11","FULL SERVICE - BRICK AND MORTAR","VIRGINIA","51","201905703","","0","0","0","0","0","611933","0","0"
"2019-09-26T00:00:00","2019","0","Y","59117","110","NEW INSTITUTION","Institution established. Original name: Lexicon Bank ().","STATE","0","0","0","0","NM","0","C","Commercial","21","CLARK","3","2019-08-12T00:00:00","2019","9999-12-31T00:00:00","9999","2019-08-12T00:00:00","2019","0","0","0","0","0","14","SAN FRANCISCO","","0","NM","C","Commercial","0","0","DIF","0","NV","0","FDIC","201907456_110_594335__","DIF","0","","Lexicon Bank","0","0","36.16791406519609","-115.28708190105856","330 S Rampart Blvd","SUITE 180","LAS VEGAS","NV","NEVADA","89145","5752","1","1","0","0","COMMERCIAL BANK","10","FI","N","350 S. RAMPART BLVD.","SUITE 180","LAS VEGAS","2019-08-19T00:00:00","2019","NV","89145","0000","FDIC","0","0","110","11","FULL SERVICE - BRICK AND MORTAR","NEVADA","32","201907456","","0","0","0","0","0","594335","0","0"
"2022-08-30T00:00:00","2022","0","N","59194","110","NEW INSTITUTION","Institution established but was not FDIC insured. Original name: ADP Trust Company, National Association ().","OCC","0","0","0","0","NC","0","N/A","N/A","50","NEW CASTLE","3","2019-09-03T00:00:00","2019","9999-12-31T00:00:00","9999","2019-09-03T00:00:00","2019","0","0","0","0","0","2","NEW YORK","","0","NC","N/A","N/A","0","0","NONE","0","DE","0","OCC","201909037_110_616912__","NONE","0","","ADP Trust Company, National Association","0","0","39.749936240608406","-75.55375065768341","800 DELAWARE AVENUE","","WILMINGTON","DE","DELAWARE","19801","","1","0","0","0","TRUST COMPANY","310","FI","N","800 DELAWARE AVENUE","","WILMINGTON","2019-09-13T00:00:00","2019","DE","19801","0000","OCC","0","0","110","11","FULL SERVICE - BRICK AND MORTAR","DELAWARE","10","201909037","Full","0","0","0","0","0","616912","0","0"
"2020-05-25T00:00:00","2020","0","Y","59178","110","NEW INSTITUTION","Institution established. Original name: Tandem Bank ().","STATE","0","0","0","0","NM","0","C","Commercial","21","DEKALB","89","2019-09-23T00:00:00","2019","9999-12-31T00:00:00","9999","2019-09-23T00:00:00","2019","0","0","0","0","0","5","ATLANTA","","0","NM","C","Commercial","0","0","DIF","0","GA","0","FDIC","201909315_110_607789__","DIF","0","","Tandem Bank","0","0","33.85383300000001","-84.215007","2356 MAIN STREET","","TUCKER","GA","GEORGIA","30084","","1","1","0","0","COMMERCIAL BANK","10","FI","N","2356 MAIN STREET","","TUCKER","2019-09-23T00:00:00","2019","GA","30084","0000","FDIC","0","0","110","11","FULL SERVICE - BRICK AND MORTAR","GEORGIA","13","201909315","","0","0","0","0","0","607789","0","0"
"2022-08-30T00:00:00","2022","0","N","59196","110","NEW INSTITUTION","Institution established but was not FDIC insured. Original name: Otoe-Missouria Federal Credit Union ().","NCUA","0","0","0","0","CU","0","N/A","N/A","92","NOBLE","103","2019-08-19T00:00:00","2019","9999-12-31T00:00:00","9999","2019-08-19T00:00:00","2019","0","0","0","0","0","13","DALLAS","","0","CU","N/A","N/A","0","0","NCUA","0","OK","0","NCUA","201909352_110_617111__","NCUA","0","","Otoe-Missouria Federal Credit Union","0","0","36.48834600965341","-97.07270804375882","7480 HIGHWAY 177, SUITE A","","RED ROCK","OK","OKLAHOMA","74651","0000","1","0","0","0","CREDIT UNION","140","FI","N","7480 HIGHWAY 177, SUITE A","","RED ROCK","2019-09-24T00:00:00","2019","OK","74651","0000","NCUA","0","0","110","11","FULL SERVICE - BRICK AND MORTAR","OKLAHOMA","40","201909352","","0","0","0","0","0","617111","0","0"
"2019-09-30T00:00:00","2019","0","N","59197","110","NEW INSTITUTION","Institution established but was not FDIC insured. Original name: COMMUNITY HOPE FEDERAL CREDIT UNION ().","NCUA","0","0","0","0","CU","0","N/A","N/A","92","LANCASTER","109","2017-08-18T00:00:00","2017","9999-12-31T00:00:00","9999","2017-08-18T00:00:00","2017","0","0","0","0","0","11","KANSAS CITY","","0","CU","N/A","N/A","0","0","NCUA","0","NE","0","NCUA","201909755_110_617248__","NCUA","0","","COMMUNITY HOPE FEDERAL CREDIT UNION","0","0","40.812439727422436","-96.69736607216227","1625 N STREET","","LINCOLN","NE","NEBRASKA","68508","","1","0","0","0","CREDIT UNION","140","FI","N","1625 N STREET","","LINCOLN","2019-10-03T00:00:00","2019","NE","68508","0000","NCUA","0","0","110","11","FULL SERVICE - BRICK AND MORTAR","NEBRASKA","31","201909755","","0","0","0","0","0","617248","0","0"
"2022-08-30T00:00:00","2022","0","Y","59182","110","NEW INSTITUTION","Institution established. Original name: Loyal Trust Bank ().","STATE","0","0","0","0","NM","0","C","Commercial","21","FULTON","121","2019-11-18T00:00:00","2019","9999-12-31T00:00:00","9999","2019-11-18T00:00:00","2019","0","0","0","0","0","5","ATLANTA","","0","NM","C","Commercial","0","0","DIF","0","GA","0","FDIC","201911367_110_610417__","DIF","0","","Loyal Trust Bank","0","0","34.064811000000006","-84.16936799999999","11675 MEDLOCK BRIDGE ROAD","","JOHNS CREEK","GA","GEORGIA","30097","","1","1","0","0","COMMERCIAL BANK","10","FI","N","11675 MEDLOCK BRIDGE RD","","JOHNS CREEK","2019-12-05T00:00:00","2019","GA","30097","0000","FDIC","0","0","110","11","FULL SERVICE - BRICK AND MORTAR","GEORGIA","13","201911367","","0","0","0","0","0","610417","0","0"
"2022-08-30T00:00:00","2022","0","Y","59185","110","NEW INSTITUTION","Institution established. Original name: Gulf Capital Bank ().","STATE","0","0","0","0","NM","0","C","Commercial","21","HARRIS","201","2019-12-18T00:00:00","2019","9999-12-31T00:00:00","9999","2019-12-18T00:00:00","2019","0","0","0","0","0","13","DALLAS","","0","NM","C","Commercial","0","0","DIF","0","TX","0","FDIC","201913458_110_612409__","DIF","0","","Gulf Capital Bank","0","0","29.760507000000004","-95.462289","1 RIVERWAY  STE 150","","HOUSTON","TX","TEXAS","77056","1903","1","1","0","0","COMMERCIAL BANK","10","FI","N","1 RIVERWAY STE 150","","HOUSTON","2019-12-18T00:00:00","2019","TX","77056","0000","FDIC","0","0","110","11","FULL SERVICE - BRICK AND MORTAR","TEXAS","48","201913458","","0","0","0","0","0","612409","0","0"
"2021-04-30T00:00:00","2021","0","Y","59176","110","NEW INSTITUTION","Institution established. Original name: The Millyard Bank ().","STATE","0","0","0","0","NM","0","C","Commercial","21","HILLSBOROUGH","11","2019-11-21T00:00:00","2019","9999-12-31T00:00:00","9999","2019-11-21T00:00:00","2019","0","0","0","0","0","2","NEW YORK","","0","NM","C","Commercial","0","0","DIF","0","NH","0","FDIC","201913547_110_607286__","DIF","0","","The Millyard Bank","0","0","42.73587032226306","-71.48445558921472","57 Northeastern Blvd","","NASHUA","NH","NEW HAMPSHIRE","03062","3121","1","1","0","0","COMMERCIAL BANK","10","FI","N","57 Northeastern Blvd","","NASHUA","2019-12-23T00:00:00","2019","NH","03062","0000","FDIC","0","0","110","11","FULL SERVICE - BRICK AND MORTAR","NEW HAMPSHIRE","33","201913547","","0","0","0","0","0","607286","0","0"
"2022-08-30T00:00:00","2022","0","N","59255","110","NEW INSTITUTION","Institution established but was not FDIC insured. Original name: Chilton Trust Company, National Association ().","OCC","0","0","0","0","NC","0","N/A","N/A","50","PALM BEACH","99","2020-09-01T00:00:00","2020","9999-12-31T00:00:00","9999","2020-09-01T00:00:00","2020","0","0","0","0","0","5","ATLANTA","","0","NC","N/A","N/A","0","0","NONE","0","FL","0","OCC","202000001_110_530178__","NONE","0","","Chilton Trust Company, National Association","0","0","26.705511005923853","-80.04075202161481","396 Royal Palm Way","","PALM BEACH","FL","FLORIDA","33480","4305","1","0","0","0","TRUST COMPANY","310","FI","N","396 Royal Palm Way","","PALM BEACH","2020-09-24T00:00:00","2020","FL","33480","4305","OCC","0","0","110","11","FULL SERVICE - BRICK AND MORTAR","FLORIDA","12","202000001","Full","0","0","0","0","0","530178","0","0"
"2021-03-28T00:00:00","2021","0","Y","59188","110","NEW INSTITUTION","Institution established. Original name: Triad Business Bank ().","STATE","0","0","0","0","NM","0","C","Commercial","21","GUILFORD","81","2020-03-16T00:00:00","2020","9999-12-31T00:00:00","9999","2020-03-16T00:00:00","2020","0","0","0","0","0","5","ATLANTA","","0","NM","C","Commercial","0","0","DIF","0","NC","0","FDIC","202001722_110_614270__","DIF","0","","Triad Business Bank","0","0","0","0","1501 HIGHWOODS BLVD SUITE 103","Ste 103","GREENSBORO","NC","NORTH CAROLINA","27410","","1","1","0","0","COMMERCIAL BANK","10","FI","N","1501 Highwoods Blvd","Ste 103","GREENSBORO","2020-03-16T00:00:00","2020","NC","27410","0000","FDIC","0","0","110","11","FULL SERVICE - BRICK AND MORTAR","NORTH CAROLINA","37","202001722","","0","0","0","0","0","614270","0","0"
"2022-08-30T00:00:00","2022","0","Y","59193","110","NEW INSTITUTION","Institution established. Original name: Founders Bank ().","STATE","0","0","0","0","NM","0","C","Commercial","21","DISTRICT OF COLUMBIA","1","2020-03-30T00:00:00","2020","9999-12-31T00:00:00","9999","2020-03-30T00:00:00","2020","0","0","0","0","0","2","NEW YORK","","0","NM","C","Commercial","0","0","DIF","0","DC","0","FDIC","202002917_110_616512__","DIF","0","","Founders Bank","0","0","38.95843137472795","-77.084089823572","5225 Wisconsin Ave Nw Ste 101a","Ste 101a","WASHINGTON","DC","DISTRICT OF COLUMBIA","20015","2014","1","1","0","0","COMMERCIAL BANK","10","FI","N","5225 Wisconsin Ave Nw","Ste 101a","WASHINGTON","2020-03-30T00:00:00","2020","DC","20015","2014","FDIC","0","0","110","11","FULL SERVICE - BRICK AND MORTAR","DISTRICT OF COLUMBIA","11","202002917","","0","0","0","0","0","616512","0","0"
"2022-08-30T00:00:00","2022","0","Y","59181","110","NEW INSTITUTION","Institution established. Original name: Gulf Atlantic Bank ().","STATE","0","0","0","0","NM","0","C","Commercial","21","MONROE","87","2020-04-13T00:00:00","2020","9999-12-31T00:00:00","9999","2020-04-13T00:00:00","2020","0","0","0","0","0","5","ATLANTA","","0","NM","C","Commercial","0","0","DIF","0","FL","0","FDIC","202003654_110_610146__","DIF","0","","Gulf Atlantic Bank","0","0","24.560586","-81.77892299999999","2222 N Roosevelt Blvd","","KEY WEST","FL","FLORIDA","33040","3834","1","1","0","0","COMMERCIAL BANK","10","FI","N","2222 N Roosevelt Blvd","","KEY WEST","2020-04-17T00:00:00","2020","FL","33040","3834","FDIC","0","0","110","11","FULL SERVICE - BRICK AND MORTAR","FLORIDA","12","202003654","","0","0","0","0","0","610146","0","0"
"2022-08-30T00:00:00","2022","0","Y","59190","110","NEW INSTITUTION","Institution established. Original name: Varo Bank, National Association ().","OCC","0","0","0","0","N","0","C","Commercial","3","SALT LAKE","35","2020-08-01T00:00:00","2020","9999-12-31T00:00:00","9999","2020-08-01T00:00:00","2020","0","0","0","0","0","14","SAN FRANCISCO","","0","N","C","Commercial","0","0","DIF","0","UT","0","OCC","202012494_110_614637__","DIF","0","","Varo Bank, National Association","0","0","40.53745800654286","-111.89649900044151","11781 S Lone Peak Pkwy","Suite 100","DRAPER","UT","UTAH","84020","6881","1","1","0","0","COMMERCIAL BANK","10","FI","N","11781 S Lone Peak Pkwy","Suite 100","DRAPER","2020-08-07T00:00:00","2020","UT","84020","6881","OCC","0","0","110","11","FULL SERVICE - BRICK AND MORTAR","UTAH","49","202012494","","0","0","0","0","0","614637","0","0"
"2022-08-30T00:00:00","2022","0","Y","59209","110","NEW INSTITUTION","Institution established. Original name: Craft Bank ().","STATE","0","0","0","0","NM","0","C","Commercial","21","FULTON","121","2020-10-15T00:00:00","2020","9999-12-31T00:00:00","9999","2020-10-15T00:00:00","2020","0","0","0","0","0","5","ATLANTA","","0","NM","C","Commercial","0","0","DIF","0","GA","0","FDIC","202018049_110_619288__","DIF","0","","Craft Bank","0","0","33.79960101740416","-84.4058979975087","1575 Northside Dr Nw","Building 100, Second Floor","ATLANTA","GA","GEORGIA","30318","4235","1","1","0","0","COMMERCIAL BANK","10","FI","N","1575 Northside Dr Nw","Building 100, Second Floor","ATLANTA","2020-10-27T00:00:00","2020","GA","30318","4235","FDIC","0","0","110","11","FULL SERVICE - BRICK AND MORTAR","GEORGIA","13","202018049","","0","0","0","0","0","619288","0","0"
"2022-08-30T00:00:00","2022","0","Y","59205","110","NEW INSTITUTION","Institution established. Original name: Nelnet Bank ().","STATE","0","0","0","0","NM","0","C","Commercial","23","SALT LAKE","35","2020-11-02T00:00:00","2020","9999-12-31T00:00:00","9999","2020-11-02T00:00:00","2020","0","0","0","0","0","11","KANSAS CITY","","0","NM","C","Commercial","0","0","DIF","0","UT","0","FDIC","202018789_110_618062__","DIF","0","","Nelnet Bank","0","0","40.49808798591534","-111.89062808555076","13907 S Minuteman Dr","Ste 250","DRAPER","UT","UTAH","84020","9869","1","1","0","0","INDUSTRIAL LOAN COMPANY","245","FI","N","13907 S Minuteman Dr","Ste 250","DRAPER","2020-11-04T00:00:00","2020","UT","84020","9869","FDIC","0","0","110","11","FULL SERVICE - BRICK AND MORTAR","UTAH","49","202018789","","0","0","0","0","0","618062","0","0"
"2021-02-28T00:00:00","2021","0","Y","59219","110","NEW INSTITUTION","Institution established. Original name: Classic City Bank ().","STATE","0","0","0","0","NM","0","C","Commercial","21","CLARKE","59","2020-11-09T00:00:00","2020","9999-12-31T00:00:00","9999","2020-11-09T00:00:00","2020","0","0","0","0","0","5","ATLANTA","","0","NM","C","Commercial","0","0","DIF","0","GA","0","FDIC","202020243_110_622032__","DIF","0","","Classic City Bank","0","0","33.94650899988902","-83.41388098123198","Po Box 7238","","ATHENS","GA","GEORGIA","30604","7238","1","1","0","0","COMMERCIAL BANK","10","FI","N","2361 W Broad St","","ATHENS","2020-11-18T00:00:00","2020","GA","30606","3421","FDIC","0","0","110","11","FULL SERVICE - BRICK AND MORTAR","GEORGIA","13","202020243","","0","0","0","0","0","622032","0","0"
"2022-08-30T00:00:00","2022","0","N","59267","110","NEW INSTITUTION","Institution established but was not FDIC insured. Original name: Growing Oaks Federal Credit Union ().","NCUA","0","0","0","0","CU","0","N/A","N/A","92","MCCLAIN","87","2020-12-08T00:00:00","2020","9999-12-31T00:00:00","9999","2020-12-08T00:00:00","2020","0","0","0","0","0","13","DALLAS","","0","CU","N/A","N/A","0","0","NCUA","0","OK","0","NCUA","202021441_110_629433__","NCUA","0","","Growing Oaks Federal Credit Union","0","0","35.150386036702145","-97.47915538587726","299 Industrial Blvd","","GOLDSBY","OK","OKLAHOMA","73093","9116","1","0","0","0","CREDIT UNION","140","FI","N","299 Industrial Blvd","","GOLDSBY","2020-12-17T00:00:00","2020","OK","73093","9116","NCUA","0","0","110","11","FULL SERVICE - BRICK AND MORTAR","OKLAHOMA","40","202021441","","0","0","0","0","0","629433","0","0"
"2022-08-30T00:00:00","2022","0","N","56000","110","NEW INSTITUTION","Institution established but was not FDIC insured. Original name: Credit Suisse Holdings (USA), INC. ().","STATE","0","0","0","0","NC","0","N/A","N/A","54","NEW YORK","61","2016-07-01T00:00:00","2016","9999-12-31T00:00:00","9999","2016-07-01T00:00:00","2016","0","0","0","0","0","2","NEW YORK","","0","NC","N/A","N/A","0","0","NONE","0","NY","0","FDIC","202100001_110_51225__","NONE","0","","Credit Suisse Holdings (USA), INC.","0","0","40.741780014122725","-73.98712998907413","11 Madison Ave","","NEW YORK","NY","NEW YORK","10010","3643","1","0","0","0","TRUST COMPANY","310","FI","N","11 Madison Ave","","NEW YORK","2021-04-02T00:00:00","2021","NY","10010","3643","FDIC","0","0","110","11","FULL SERVICE - BRICK AND MORTAR","NEW YORK","36","202100001","","0","0","0","0","0","51225","0","0"
"2021-08-28T00:00:00","2021","0","Y","59199","110","NEW INSTITUTION","Institution established. Original name: Riverside Bank of Dublin ().","STATE","0","0","0","0","NM","0","C","Commercial","21","FRANKLIN","49","2021-02-22T00:00:00","2021","9999-12-31T00:00:00","9999","2021-02-22T00:00:00","2021","0","0","0","0","0","9","CHICAGO","","0","NM","C","Commercial","0","0","DIF","0","OH","0","FDIC","202103994_110_617344__","DIF","0","","Riverside Bank of Dublin","0","0","40.09502901234433","-83.13096098747614","555 Metro Pl N","","DUBLIN","OH","OHIO","43017","5362","1","1","0","0","COMMERCIAL BANK","10","FI","N","555 Metro Pl N","","DUBLIN","2021-02-23T00:00:00","2021","OH","43017","5362","FDIC","0","0","110","11","FULL SERVICE - BRICK AND MORTAR","OHIO","39","202103994","","0","0","0","0","0","617344","0","0"
"2021-01-18T00:00:00","2021","0","N","59276","110","NEW INSTITUTION","Institution established but was not FDIC insured. Original name: Anchorage Trust Company ().","STATE","0","0","0","0","NC","0","N/A","N/A","54","LINCOLN","83","2019-07-12T00:00:00","2019","9999-12-31T00:00:00","9999","2019-07-12T00:00:00","2019","0","0","0","0","0","11","KANSAS CITY","","0","NC","N/A","N/A","0","0","NONE","0","SD","0","STATE","202104149_110_631749__","NONE","0","","Anchorage Trust Company","0","0","43.499059618217444","-96.7458972040312","4901 S Isabel Place","Ste 200","SIOUX FALLS","SD","SOUTH DAKOTA","57108","5056","1","0","0","0","TRUST COMPANY","310","FI","N","4901 S Isabel Pl","Ste 200","SIOUX FALLS","2021-02-24T00:00:00","2021","SD","57108","5056","STATE","0","0","110","11","FULL SERVICE - BRICK AND MORTAR","SOUTH DAKOTA","46","202104149","Limited","0","0","0","0","0","631749","0","0"
"2022-08-30T00:00:00","2022","0","Y","59177","110","NEW INSTITUTION","Institution established. Original name: Square Financial Services, Inc. ().","STATE","0","0","0","0","NM","0","C","Commercial","23","SALT LAKE","35","2021-03-01T00:00:00","2021","9999-12-31T00:00:00","9999","2021-03-01T00:00:00","2021","0","0","0","0","0","14","SAN FRANCISCO","","0","NM","C","Commercial","0","0","DIF","0","UT","0","FDIC","202104821_110_607641__","DIF","0","","Square Financial Services, Inc.","0","0","40.632848004173894","-111.80382599672481","3165 E Millrock Dr","Ste 160","SALT LAKE CITY","UT","UTAH","84121","4732","1","1","0","0","INDUSTRIAL BANK","20","FI","N","3165 E Millrock Dr","Ste 160","SALT LAKE CITY","2021-03-03T00:00:00","2021","UT","84121","4732","FDIC","0","0","110","11","FULL SERVICE - BRICK AND MORTAR","UTAH","49","202104821","","0","0","0","0","0","607641","0","0"
"2022-08-30T00:00:00","2022","0","Y","59206","110","NEW INSTITUTION","Institution established. Original name: RockPoint Bank, National Association ().","OCC","0","0","0","0","N","0","C","Commercial","3","HAMILTON","65","2021-03-15T00:00:00","2021","9999-12-31T00:00:00","9999","2021-03-15T00:00:00","2021","0","0","0","0","0","13","DALLAS","","0","N","C","Commercial","0","0","DIF","0","TN","0","OCC","202105447_110_618546__","DIF","0","","RockPoint Bank, National Association","0","0","35.05172298990736","-85.31216001385458","401 Chestnut St","Ste 101","CHATTANOOGA","TN","TENNESSEE","37402","4924","1","1","0","0","COMMERCIAL BANK","10","FI","N","401 Chestnut St","Ste 101","CHATTANOOGA","2021-03-16T00:00:00","2021","TN","37402","4924","OCC","0","0","110","11","FULL SERVICE - BRICK AND MORTAR","TENNESSEE","47","202105447","","0","0","0","0","0","618546","0","0"
"2021-08-28T00:00:00","2021","0","Y","59249","110","NEW INSTITUTION","Institution established. Original name: First Bank of Central Ohio ().","STATE","0","0","0","0","NM","0","C","Commercial","21","FRANKLIN","49","2021-04-12T00:00:00","2021","9999-12-31T00:00:00","9999","2021-04-12T00:00:00","2021","0","0","0","0","0","9","CHICAGO","","0","NM","C","Commercial","0","0","DIF","0","OH","0","FDIC","202106617_110_625613__","DIF","0","","First Bank of Central Ohio","0","0","40.10051250648117","-83.017284808414","6700 N High St","Suite 100","WORTHINGTON","OH","OHIO","43085","2512","1","1","0","0","COMMERCIAL BANK","10","FI","N","6700 N High St","Suite 100","WORTHINGTON","2021-04-12T00:00:00","2021","OH","43085","2512","FDIC","0","0","110","11","FULL SERVICE - BRICK AND MORTAR","OHIO","39","202106617","","0","0","0","0","0","625613","0","0"
"2022-08-30T00:00:00","2022","0","Y","59262","110","NEW INSTITUTION","Institution established. Original name: Integrity Bank for Business ().","STATE","0","0","0","0","SM","0","C","Commercial","13","VIRGINIA BEACH CITY","810","2021-05-03T00:00:00","2021","9999-12-31T00:00:00","9999","2021-05-03T00:00:00","2021","0","0","0","0","0","5","ATLANTA","","0","SM","C","Commercial","0","0","DIF","0","VA","0","FED","202108175_110_628140__","DIF","0","","Integrity Bank for Business","0","0","36.8322970098035","-76.07135500575944","2901 S Lynnhaven Rd","Ste 100","VIRGINIA BEACH","VA","VIRGINIA","23452","8505","1","1","0","0","COMMERCIAL BANK","10","FI","N","2901 S Lynnhaven Rd","Ste 100","VIRGINIA BEACH","2021-05-04T00:00:00","2021","VA","23452","8505","FED","0","0","110","11","FULL SERVICE - BRICK AND MORTAR","VIRGINIA","51","202108175","","0","0","0","0","0","628140","0","0"
"2022-08-30T00:00:00","2022","0","Y","59257","110","NEW INSTITUTION","Institution established. Original name: Climate First Bank ().","STATE","0","0","0","0","NM","0","C","Commercial","21","PINELLAS","103","2021-06-01T00:00:00","2021","9999-12-31T00:00:00","9999","2021-06-01T00:00:00","2021","0","0","0","0","0","5","ATLANTA","","0","NM","C","Commercial","0","0","DIF","0","FL","0","FDIC","202110722_110_627463__","DIF","0","","Climate First Bank","0","0","27.771232988578845","-82.70563698499726","182 37th Ave N","","SAINT PETERSBURG","FL","FLORIDA","33704","1401","1","1","0","0","COMMERCIAL BANK","10","FI","N","5301 Central Ave","","SAINT PETERSBURG","2021-06-01T00:00:00","2021","FL","33710","8142","FDIC","0","0","110","11","FULL SERVICE - BRICK AND MORTAR","FLORIDA","12","202110722","","0","0","0","0","0","627463","0","0"
"2021-08-28T00:00:00","2021","0","Y","59195","110","NEW INSTITUTION","Institution established. Original name: FWBank ().","STATE","0","0","0","0","NM","0","C","Commercial","21","COOK","31","2021-07-12T00:00:00","2021","9999-12-31T00:00:00","9999","2021-07-12T00:00:00","2021","0","0","0","0","0","9","CHICAGO","","0","NM","C","Commercial","0","0","DIF","0","IL","0","FDIC","202113780_110_617102__","DIF","0","","FWBank","0","0","41.90591899301202","-87.66002698226833","1308 N Elston Ave","Ste 100","CHICAGO","IL","ILLINOIS","60642","2416","1","1","0","0","COMMERCIAL BANK","10","FI","N","1308 N Elston Ave","Ste 100","CHICAGO","2021-07-19T00:00:00","2021","IL","60642","2416","FDIC","0","0","110","11","FULL SERVICE - BRICK AND MORTAR","ILLINOIS","17","202113780","","0","0","0","0","0","617102","0","0"
"2022-08-30T00:00:00","2022","0","Y","59245","110","NEW INSTITUTION","Institution established. Original name: Genesis Bank ().","STATE","0","0","0","0","NM","0","C","Commercial","21","ORANGE","59","2021-08-02T00:00:00","2021","9999-12-31T00:00:00","9999","2021-08-02T00:00:00","2021","0","0","0","0","0","14","SAN FRANCISCO","","0","NM","C","Commercial","0","0","DIF","0","CA","0","FDIC","202115934_110_624983__","DIF","0","","Genesis Bank","0","0","33.66978101137549","-117.86207198997124","4675 MacArthur Court, Suite 1600","","NEWPORT BEACH","CA","CALIFORNIA","92660","1852","1","1","0","0","COMMERCIAL BANK","10","FI","N","4675 MacArthur Court, Suite 1600","","NEWPORT BEACH","2021-08-03T00:00:00","2021","CA","92660","1852","FDIC","0","0","110","11","FULL SERVICE - BRICK AND MORTAR","CALIFORNIA","6","202115934","","0","0","0","0","0","624983","0","0"
"2022-08-30T00:00:00","2022","0","Y","59265","110","NEW INSTITUTION","Institution established. Original name: Waterfall Bank ().","STATE","0","0","0","0","NM","0","C","Commercial","21","PINELLAS","103","2021-09-20T00:00:00","2021","9999-12-31T00:00:00","9999","2021-09-20T00:00:00","2021","0","0","0","0","0","5","ATLANTA","","0","NM","C","Commercial","0","0","DIF","0","FL","0","FDIC","202121186_110_629366__","DIF","0","","Waterfall Bank","0","0","27.945723006476513","-82.79952000025638","500 Mclennan St","","CLEARWATER","FL","FLORIDA","33756","2047","1","1","0","0","COMMERCIAL BANK","10","FI","N","500 Mclennan St","","CLEARWATER","2021-09-20T00:00:00","2021","FL","33756","2047","FDIC","0","0","110","11","FULL SERVICE - BRICK AND MORTAR","FLORIDA","12","202121186","","0","0","0","0","0","629366","0","0"
"2022-08-30T00:00:00","2022","0","N","59303","110","NEW INSTITUTION","Institution established but was not FDIC insured. Original name: Capital Federal Credit Union ().","NCUA","0","0","0","0","CU","0","N/A","N/A","92","LUBBOCK","303","2021-10-21T00:00:00","2021","9999-12-31T00:00:00","9999","2021-10-21T00:00:00","2021","0","0","0","0","0","13","DALLAS","","0","CU","N/A","N/A","0","0","NCUA","0","TX","0","NCUA","202127735_110_641549__","NCUA","0","","Capital Federal Credit Union","0","0","33.5493320150065","-101.90186996101488","4210 50th Street Suite E","","LUBBOCK","TX","TEXAS","79413","3863","1","0","0","0","CREDIT UNION","140","FI","N","4210 50th Street Suite E","","LUBBOCK","2021-12-30T00:00:00","2021","TX","79413","3863","NCUA","0","0","110","11","FULL SERVICE - BRICK AND MORTAR","TEXAS","48","202127735","","0","0","0","0","0","641549","0","0"
"2022-08-30T00:00:00","2022","0","Y","59278","110","NEW INSTITUTION","Institution established. Original name: Locality Bank ().","STATE","0","0","0","0","NM","0","C","Commercial","21","BROWARD","11","2022-01-12T00:00:00","2022","9999-12-31T00:00:00","9999","2022-01-12T00:00:00","2022","0","0","0","0","0","5","ATLANTA","","0","NM","C","Commercial","0","0","DIF","0","FL","0","FDIC","2022000648_110_632241__","DIF","0","","Locality Bank","0","0","26.118758002351385","-80.14439903206397","1400 S Andrews Ave","","FORT LAUDERDALE","FL","FLORIDA","33316","1840","1","1","0","0","COMMERCIAL BANK","10","FI","N","300 Sw 1st Ave","","FORT LAUDERDALE","2022-01-12T00:00:00","2022","FL","33301","1884","FDIC","0","0","110","11","FULL SERVICE - BRICK AND MORTAR","FLORIDA","12","2022000648","","0","0","0","0","0","632241","0","0"
"2022-03-22T00:00:00","2022","0","Y","59203","110","NEW INSTITUTION","Institution established. Original name: Scottsdale Community Bank ().","STATE","0","0","0","0","NM","0","C","Commercial","21","MARICOPA","13","2022-01-10T00:00:00","2022","9999-12-31T00:00:00","9999","2022-01-10T00:00:00","2022","0","0","0","0","0","14","SAN FRANCISCO","","0","NM","C","Commercial","0","0","DIF","0","AZ","0","FDIC","2022000976_110_617747__","DIF","0","","Scottsdale Community Bank","0","0","33.552611015528726","-111.89333198214571","8767 E Via De Ventura","Ste 190","SCOTTSDALE","AZ","ARIZONA","85258","3376","1","1","0","0","COMMERCIAL BANK","10","FI","N","8767 E Via De Ventura","Ste 190","SCOTTSDALE","2022-01-20T00:00:00","2022","AZ","85258","3376","FDIC","0","0","110","11","FULL SERVICE - BRICK AND MORTAR","ARIZONA","4","2022000976","","0","0","0","0","0","617747","0","0"
"2022-08-30T00:00:00","2022","0","Y","59287","110","NEW INSTITUTION","Institution established. Original name: EntreBank ().","STATE","0","0","0","0","NM","0","C","Commercial","21","HENNEPIN","53","2022-03-21T00:00:00","2022","9999-12-31T00:00:00","9999","2022-03-21T00:00:00","2022","0","0","0","0","0","11","KANSAS CITY","","0","NM","C","Commercial","0","0","DIF","0","MN","0","FDIC","2022006317_110_635712__","DIF","0","","EntreBank","0","0","44.861019013850495","-93.2522870196273","1550 American Blvd E","Ste 100","BLOOMINGTON","MN","MINNESOTA","55425","1139","1","1","0","0","COMMERCIAL BANK","10","FI","N","1550 American Blvd E","Ste 100","BLOOMINGTON","2022-03-22T00:00:00","2022","MN","55425","1139","FDIC","0","0","110","11","FULL SERVICE - BRICK AND MORTAR","MINNESOTA","27","2022006317","","0","0","0","0","0","635712","0","0"
"2022-08-30T00:00:00","2022","0","Y","59239","110","NEW INSTITUTION","Institution established. Original name: Agility Bank, National Association ().","OCC","0","0","0","0","N","0","C","Commercial","3","HARRIS","201","2022-04-18T00:00:00","2022","9999-12-31T00:00:00","9999","2022-04-18T00:00:00","2022","0","0","0","0","0","13","DALLAS","","0","N","C","Commercial","0","0","DIF","0","TX","0","OCC","2022008214_110_622786__","DIF","0","","Agility Bank, National Association","0","0","29.80813998254395","-95.41076103011648","2401 North Sherpherd Drive Suite 140","","HOUSTON","TX","TEXAS","77008","0000","1","1","0","0","COMMERCIAL BANK","10","FI","N","2401 North Shepherd Drive, Suite 140","","HOUSTON","2022-04-21T00:00:00","2022","TX","77008","2990","OCC","0","0","110","11","FULL SERVICE - BRICK AND MORTAR","TEXAS","48","2022008214","","0","0","0","0","0","622786","0","0"
"2022-06-29T00:00:00","2022","0","Y","59285","110","NEW INSTITUTION","Institution established. Original name: Moultrie Bank & Trust ().","STATE","0","0","0","0","NM","0","C","Commercial","21","COLQUITT","71","2022-05-09T00:00:00","2022","9999-12-31T00:00:00","9999","2022-05-09T00:00:00","2022","0","0","0","0","0","5","ATLANTA","","0","NM","C","Commercial","0","0","DIF","0","GA","0","FDIC","2022011002_110_634922__","DIF","0","","Moultrie Bank & Trust","0","0","31.194010014270432","-83.76075104054098","Po Box 1988","Suite 9 & 10","MOULTRIE","GA","GEORGIA","31776","1988","1","1","0","0","COMMERCIAL BANK","10","FI","N","250 Doc Darbyshire Road","Suite 9 & 10","MOULTRIE","2022-05-11T00:00:00","2022","GA","31788","4126","FDIC","0","0","110","11","FULL SERVICE - BRICK AND MORTAR","GEORGIA","13","2022011002","","0","0","0","0","0","634922","0","0"
"2022-08-30T00:00:00","2022","0","Y","59281","110","NEW INSTITUTION","Institution established. Original name: Gulf Coast Business Bank ().","STATE","0","0","0","0","NM","0","C","Commercial","21","LEE","71","2022-06-06T00:00:00","2022","9999-12-31T00:00:00","9999","2022-06-06T00:00:00","2022","0","0","0","0","0","5","ATLANTA","","0","NM","C","Commercial","0","0","DIF","0","FL","0","FDIC","2022014804_110_634606__","DIF","0","","Gulf Coast Business Bank","0","0","26.565206286760613","-81.85243778016998","12205 Metro Pkwy","","FORT MYERS","FL","FLORIDA","33966","1314","1","1","0","0","COMMERCIAL BANK","10","FI","N","12205 Metro Pkwy","","FORT MYERS","2022-06-06T00:00:00","2022","FL","33966","1314","FDIC","0","0","110","11","FULL SERVICE - BRICK AND MORTAR","FLORIDA","12","2022014804","","0","0","0","0","0","634606","0","0"
"2022-08-30T00:00:00","2022","0","Y","59204","110","NEW INSTITUTION","Institution established. Original name: Legacy Bank ().","STATE","0","0","0","0","NM","0","C","Commercial","21","RIVERSIDE","65","2022-06-10T00:00:00","2022","9999-12-31T00:00:00","9999","2022-06-10T00:00:00","2022","0","0","0","0","0","14","SAN FRANCISCO","","0","NM","C","Commercial","0","0","DIF","0","CA","0","FDIC","2022016036_110_617761__","DIF","0","","Legacy Bank","0","0","33.56397901361993","-117.20973595846897","41391 Kalmia Street, Suite 100","","MURRIETA","CA","CALIFORNIA","92562","9766","1","1","0","0","COMMERCIAL BANK","10","FI","N","41391 Kalmia Street, Suite 100","","MURRIETA","2022-06-14T00:00:00","2022","CA","92562","9766","FDIC","0","0","110","11","FULL SERVICE - BRICK AND MORTAR","CALIFORNIA","6","2022016036","","0","0","0","0","0","617761","0","0"
"2022-08-30T00:00:00","2022","0","Y","59273","110","NEW INSTITUTION","Institution established. Original name: Gainey Business Bank ().","STATE","0","0","0","0","NM","0","C","Commercial","21","MARICOPA","13","2022-06-08T00:00:00","2022","9999-12-31T00:00:00","9999","2022-06-08T00:00:00","2022","0","0","0","0","0","14","SAN FRANCISCO","","0","NM","C","Commercial","0","0","DIF","0","AZ","0","FDIC","2022018539_110_629853__","DIF","0","","Gainey Business Bank","0","0","33.5613485628559","-111.92523694221174","7702 E Doubletree Ranch Rd","Ste 120","SCOTTSDALE","AZ","ARIZONA","85258","2129","1","1","0","0","COMMERCIAL BANK","10","FI","N","8501 N Scottsdale Rd","Ste 120","SCOTTSDALE","2022-07-15T00:00:00","2022","AZ","85253","2129","FDIC","0","0","110","11","FULL SERVICE - BRICK AND MORTAR","ARIZONA","4","2022018539","","0","0","0","0","0","629853","0","0"
"2022-08-30T00:00:00","2022","0","Y","59283","110","NEW INSTITUTION","Institution established. Original name: Integro Bank ().","STATE","0","0","0","0","NM","0","C","Commercial","21","MARICOPA","13","2022-06-21T00:00:00","2022","9999-12-31T00:00:00","9999","2022-06-21T00:00:00","2022","0","0","0","0","0","14","SAN FRANCISCO","","0","NM","C","Commercial","0","0","DIF","0","AZ","0","FDIC","2022019507_110_634761__","DIF","0","","Integro Bank","0","0","33.63324701955227","-112.11847300274226","16215 N 28th Ave","","PHOENIX","AZ","ARIZONA","85053","3040","1","1","0","0","COMMERCIAL BANK","10","FI","N","16215 N 28th Ave","","PHOENIX","2022-07-27T00:00:00","2022","AZ","85053","3040","FDIC","0","0","110","11","FULL SERVICE - BRICK AND MORTAR","ARIZONA","4","2022019507","","0","0","0","0","0","634761","0","0"
"9999-12-31T00:00:00","9999","0","Y","59298","110","NEW INSTITUTION","Institution established. Original name: Bank of Burlington ().","STATE","0","0","0","0","NM","0","C","Commercial","21","CHITTENDEN","7","2022-08-02T00:00:00","2022","9999-12-31T00:00:00","9999","2022-08-02T00:00:00","2022","0","0","0","0","0","2","NEW YORK","","0","NM","C","Commercial","0","0","DIF","0","VT","0","FDIC","2022021110_110_640962__","DIF","0","","Bank of Burlington","0","0","44.4597980121429","-73.15287497507076","30 Kimball Ave","Suite 201","SOUTH BURLINGTON","VT","VERMONT","05403","6839","1","1","0","0","COMMERCIAL BANK","10","FI","Y","30 Kimball Ave","Suite 201","SOUTH BURLINGTON","2022-08-02T00:00:00","2022","VT","05403","8438","FDIC","0","0","110","11","FULL SERVICE - BRICK AND MORTAR","VERMONT","50","2022021110","","0","0","0","0","0","640962","0","0"
"9999-12-31T00:00:00","9999","0","Y","59304","110","NEW INSTITUTION","Institution established. Original name: Texas Traditions Bank ().","STATE","0","0","0","0","NM","0","C","Commercial","21","HARRIS","201","2022-09-06T00:00:00","2022","9999-12-31T00:00:00","9999","2022-09-06T00:00:00","2022","0","0","0","0","0","13","DALLAS","","0","NM","C","Commercial","0","0","DIF","0","TX","0","FDIC","2022051330_110_641636__","DIF","0","","Texas Traditions Bank","0","0","29.785002739266154","-95.78777102971063","24285 Katy Freeway, Suite 100","","KATY","TX","TEXAS","77494","1327","1","1","0","0","COMMERCIAL BANK","10","FI","Y","24285 Katy Freeway, Suite 100","","KATY","2022-09-07T00:00:00","2022","TX","77494","1327","FDIC","0","0","110","11","FULL SERVICE - BRICK AND MORTAR","TEXAS","48","2022051330","","0","0","0","0","0","641636","0","0"
"9999-12-31T00:00:00","9999","0","Y","59312","110","NEW INSTITUTION","Institution established. Original name: GS&L Municipal Bank ().","STATE","0","0","0","0","NM","0","C","Commercial","21","ST. LAWRENCE","89","2022-09-16T00:00:00","2022","9999-12-31T00:00:00","9999","2022-09-16T00:00:00","2022","0","0","0","0","0","2","NEW YORK","","0","NM","C","Commercial","0","0","DIF","0","NY","0","FDIC","2022052205_110_644984__","DIF","0","","GS&L Municipal Bank","0","0","44.33504465703621","-75.46782369514361","42 Church St","","GOUVERNEUR","NY","NEW YORK","13642","1416","1","1","0","0","COMMERCIAL BANK","10","FI","Y","42 Church St","","GOUVERNEUR","2022-09-22T00:00:00","2022","NY","13642","1416","FDIC","0","0","110","11","FULL SERVICE - BRICK AND MORTAR","NEW YORK","36","2022052205","","0","0","0","0","0","644984","0","0"
"9999-12-31T00:00:00","9999","0","N","59328","110","NEW INSTITUTION","Institution established but was not FDIC insured. Original name: People Trust Community Federal Credit Union ().","NCUA","0","0","0","0","CU","0","N/A","N/A","92","PULASKI","119","2022-09-16T00:00:00","2022","9999-12-31T00:00:00","9999","2022-09-16T00:00:00","2022","0","0","0","0","0","13","DALLAS","","0","CU","N/A","N/A","0","0","NCUA","0","AR","0","NCUA","2022052883_110_650481__","NCUA","0","","People Trust Community Federal Credit Union","0","0","34.75528990139965","-92.21978691975576","4103 E Broadway St","","NORTH LITTLE ROCK","AR","ARKANSAS","72117","4120","1","0","0","0","CREDIT UNION","140","FI","Y","4103 E Broadway St","","NORTH LITTLE ROCK","2022-09-30T00:00:00","2022","AR","72117","4120","NCUA","0","0","110","11","FULL SERVICE - BRICK AND MORTAR","ARKANSAS","5","2022052883","","0","0","0","0","0","650481","0","0"
"2022-12-22T00:00:00","2022","0","Y","59289","110","NEW INSTITUTION","Institution established. Original name: Walden Mutual Bank ().","STATE","0","0","0","0","SI","0","S","Savings","42","MERRIMACK","13","2022-10-05T00:00:00","2022","9999-12-31T00:00:00","9999","2022-10-05T00:00:00","2022","0","0","0","0","0","2","NEW YORK","","0","SI","S","Savings","0","0","DIF","0","NH","0","FDIC","2022053980_110_638316__","DIF","0","","Walden Mutual Bank","0","0","43.20603000149413","-71.53585397244238","66 N Main St","","CONCORD","NH","NEW HAMPSHIRE","03301","4913","1","1","0","0","MUTUAL SAVINGS BANK","110","FI","N","66 N Main St","","CONCORD","2022-10-17T00:00:00","2022","NH","03301","4913","FDIC","0","0","110","11","FULL SERVICE - BRICK AND MORTAR","NEW HAMPSHIRE","33","2022053980","","0","0","0","0","0","638316","0","0"
"2023-11-17T00:00:00","2023","0","Y","59296","110","NEW INSTITUTION","Institution established. Original name: Bank Irvine ().","STATE","0","0","0","0","NM","0","C","Commercial","21","ORANGE","59","2022-10-18T00:00:00","2022","9999-12-31T00:00:00","9999","2022-10-18T00:00:00","2022","0","0","0","0","0","14","SAN FRANCISCO","","0","NM","C","Commercial","0","0","DIF","0","CA","0","FDIC","2022054242_110_640695__","DIF","0","","Bank Irvine","0","0","33.67758498232699","-117.76767197892427","6201 Oak Canyon, Suite 150","","IRVINE","CA","CALIFORNIA","92618","5230","1","1","0","0","COMMERCIAL BANK","10","FI","N","6201 Oak Canyon, Suite 150","","IRVINE","2022-10-19T00:00:00","2022","CA","92618","5230","FDIC","0","0","110","11","FULL SERVICE - BRICK AND MORTAR","CALIFORNIA","6","2022054242","","0","0","0","0","0","640695","0","0"
"9999-12-31T00:00:00","9999","0","Y","59306","110","NEW INSTITUTION","Institution established. Original name: Evermore Bank ().","STATE","0","0","0","0","NM","0","C","Commercial","21","BROWARD","11","2022-12-15T00:00:00","2022","9999-12-31T00:00:00","9999","2022-12-15T00:00:00","2022","0","0","0","0","0","5","ATLANTA","","0","NM","C","Commercial","0","0","DIF","0","FL","0","FDIC","2022060644_110_641772__","DIF","0","","Evermore Bank","0","0","26.17276801083831","-80.11894101282532","3696 N Federal Hwy","Suite 100","FORT LAUDERDALE","FL","FLORIDA","33308","6245","1","1","0","0","COMMERCIAL BANK","10","FI","Y","3696 N Federal Hwy","Suite 100","FORT LAUDERDALE","2022-12-15T00:00:00","2022","FL","33308","6245","FDIC","0","0","110","11","FULL SERVICE - BRICK AND MORTAR","FLORIDA","12","2022060644","","0","0","0","0","0","641772","0","0"
"9999-12-31T00:00:00","9999","0","Y","59292","110","NEW INSTITUTION","Institution established. Original name: Adelphi Bank ().","STATE","0","0","0","0","NM","0","C","Commercial","21","FRANKLIN","49","2023-01-18T00:00:00","2023","9999-12-31T00:00:00","9999","2023-01-18T00:00:00","2023","0","0","0","0","0","9","CHICAGO","","0","NM","C","Commercial","0","0","DIF","0","OH","0","FDIC","2023001509_110_639059__","DIF","0","","Adelphi Bank","0","0","39.967538001931985","-82.98008798760367","820 E Long St","","COLUMBUS","OH","OHIO","43203","3520","1","1","0","0","COMMERCIAL BANK","10","FI","Y","800 E Long St","","COLUMBUS","2023-01-18T00:00:00","2023","OH","43203","","FDIC","0","0","110","11","FULL SERVICE - BRICK AND MORTAR","OHIO","39","2023001509","","0","0","0","0","0","639059","0","0"
"2023-03-12T00:00:00","2023","0","Y","59331","110","NEW INSTITUTION","Institution established. Original name: Deposit Insurance National Bank of Santa Clara ().","OCC","0","0","0","0","N","0","C","Commercial","3","SANTA CLARA","85","2023-03-10T00:00:00","2023","9999-12-31T00:00:00","9999","2023-03-10T00:00:00","2023","0","0","0","0","0","14","SAN FRANCISCO","","0","N","C","Commercial","0","0","DIF","0","CA","0","OCC","2023009917_110_655043__","DIF","0","","Deposit Insurance National Bank of Santa Clara","0","0","37.40428198008067","-121.98181796911257","3003 Tasman Dr","","SANTA CLARA","CA","CALIFORNIA","95054","1191","1","1","0","0","DEPOSIT INS NATIONAL BANK","625","FI","N","3003 Tasman Dr","","SANTA CLARA","2023-03-13T00:00:00","2023","CA","95054","1191","OCC","0","0","110","11","FULL SERVICE - BRICK AND MORTAR","CALIFORNIA","6","2023009917","","0","0","0","0","0","655043","0","0"
"2023-03-18T00:00:00","2023","0","Y","59332","110","NEW INSTITUTION","Institution established. Original name: Signature Bridge Bank, National Association ().","OCC","0","0","0","0","N","0","C","Commercial","3","NEW YORK","61","2023-03-12T00:00:00","2023","9999-12-31T00:00:00","9999","2023-03-12T00:00:00","2023","0","0","0","0","0","2","NEW YORK","","0","N","C","Commercial","0","0","DIF","0","NY","0","OCC","2023009928_110_655045__","DIF","0","","Signature Bridge Bank, National Association","0","0","40.75589207967553","-73.9785057650779","565 5th Ave","","NEW YORK","NY","NEW YORK","10017","2413","1","1","0","0","BRIDGE BANK","160","FI","N","565 5th Ave","","NEW YORK","2023-03-13T00:00:00","2023","NY","10017","2413","OCC","0","0","110","11","FULL SERVICE - BRICK AND MORTAR","NEW YORK","36","2023009928","","0","0","0","0","0","655045","0","0"
"2023-03-25T00:00:00","2023","0","Y","59334","110","NEW INSTITUTION","Institution established. Original name: Silicon Valley Bridge Bank, National Association ().","OCC","0","0","0","0","N","0","C","Commercial","3","SANTA CLARA","85","2023-03-13T00:00:00","2023","9999-12-31T00:00:00","9999","2023-03-13T00:00:00","2023","0","0","0","0","0","14","SAN FRANCISCO","","0","N","C","Commercial","0","0","DIF","0","CA","0","OCC","2023010323_110_655057__","DIF","0","","Silicon Valley Bridge Bank, National Association","0","0","37.40428198008067","-121.98181796911257","3003 Tasman Dr","","SANTA CLARA","CA","CALIFORNIA","95054","1191","1","1","0","0","BRIDGE BANK","160","FI","N","3003 Tasman Dr","","SANTA CLARA","2023-03-14T00:00:00","2023","CA","95054","1191","OCC","0","0","110","11","FULL SERVICE - BRICK AND MORTAR","CALIFORNIA","6","2023010323","Full","0","0","0","0","0","655057","0","0"
"2023-11-17T00:00:00","2023","0","Y","59290","110","NEW INSTITUTION","Institution established. Original name: Beach Cities Commercial Bank ().","STATE","0","0","0","0","NM","0","C","Commercial","21","ORANGE","59","2023-06-12T00:00:00","2023","9999-12-31T00:00:00","9999","2023-06-12T00:00:00","2023","0","0","0","0","0","14","SAN FRANCISCO","","0","NM","C","Commercial","0","0","DIF","0","CA","0","FDIC","2023167202_110_638612__","DIF","0","","Beach Cities Commercial Bank","0","0","33.68329177803438","-117.7647353689322","100 Progress","Suite 150","IRVINE","CA","CALIFORNIA","92618","0330","1","1","0","0","COMMERCIAL BANK","10","FI","N","100 Progress","Suite 150","IRVINE","2023-06-14T00:00:00","2023","CA","92618","0330","FDIC","0","0","110","11","FULL SERVICE - BRICK AND MORTAR","CALIFORNIA","6","2023167202","","0","0","0","0","0","638612","0","0"
"9999-12-31T00:00:00","9999","0","Y","59305","110","NEW INSTITUTION","Institution established. Original name: Community Unity Bank ().","STATE","0","0","0","0","NM","0","C","Commercial","21","OAKLAND","125","2023-06-26T00:00:00","2023","9999-12-31T00:00:00","9999","2023-06-26T00:00:00","2023","0","0","0","0","0","9","CHICAGO","","0","NM","C","Commercial","0","0","DIF","0","MI","0","FDIC","2023168730_110_641744__","DIF","0","","Community Unity Bank","0","0","42.539637671064455","-83.20675410624419","34040 Woodward Ave","","BIRMINGHAM","MI","MICHIGAN","48009","0918","1","1","0","0","COMMERCIAL BANK","10","FI","Y","34040 Woodward Ave","","BIRMINGHAM","2023-06-27T00:00:00","2023","MI","48009","0918","FDIC","0","0","110","11","FULL SERVICE - BRICK AND MORTAR","MICHIGAN","26","2023168730","","0","0","0","0","0","641744","0","0"
"2023-11-17T00:00:00","2023","0","Y","59314","110","NEW INSTITUTION","Institution established. Original name: Icon Business Bank ().","STATE","0","0","0","0","NM","0","C","Commercial","21","RIVERSIDE","65","2023-08-22T00:00:00","2023","9999-12-31T00:00:00","9999","2023-08-22T00:00:00","2023","0","0","0","0","0","14","SAN FRANCISCO","","0","NM","C","Commercial","0","0","DIF","0","CA","0","FDIC","2023174371_110_645970__","DIF","0","","Icon Business Bank","0","0","33.983019937639","-117.377063630241","3390 University Avenue, Suite 400","Suite 400","RIVERSIDE","CA","CALIFORNIA","92501","3320","1","1","0","0","COMMERCIAL BANK","10","FI","N","3900 University Ave","Suite 400","RIVERSIDE","2023-08-24T00:00:00","2023","CA","92501","","FDIC","0","0","110","11","FULL SERVICE - BRICK AND MORTAR","CALIFORNIA","6","2023174371","","0","0","0","0","0","645970","0","0"
"9999-12-31T00:00:00","9999","0","Y","59324","110","NEW INSTITUTION","Institution established. Original name: Nave Bank ().","STATE","0","0","0","0","SM","0","C","Commercial","13","SAN JUAN","127","2023-09-18T00:00:00","2023","9999-12-31T00:00:00","9999","2023-09-18T00:00:00","2023","0","0","0","0","0","2","NEW YORK","","0","SM","C","Commercial","0","0","DIF","0","PR","0","FED","2023176991_110_649963__","DIF","0","","Nave Bank","0","0","18.444306984751","-66.066281025329","1608 Ave Ponce De Leon","Suite 2","SAN JUAN","PR","PUERTO RICO","00909","1800","1","1","0","0","COMMERCIAL BANK","10","FI","Y","1608 Ave Ponce De Leon","Suite 2","SAN JUAN","2023-09-20T00:00:00","2023","PR","00909","1800","FED","0","0","110","11","FULL SERVICE - BRICK AND MORTAR","PUERTO RICO","72","2023176991","","0","0","0","0","0","649963","0","0"
"2023-11-17T00:00:00","2023","0","Y","59318","110","NEW INSTITUTION","Institution established. Original name: Zenith Bank & Trust ().","STATE","0","0","0","0","NM","0","C","Commercial","21","MARICOPA","13","2023-10-02T00:00:00","2023","9999-12-31T00:00:00","9999","2023-10-02T00:00:00","2023","0","0","0","0","0","14","SAN FRANCISCO","","0","NM","C","Commercial","0","0","DIF","0","AZ","0","FDIC","2023179637_110_647694__","DIF","0","","Zenith Bank & Trust","0","0","33.508510260614","-111.927260920372","4900 N Scottsdale Rd","Suite 1500","SCOTTSDALE","AZ","ARIZONA","85251","7652","1","1","0","0","COMMERCIAL BANK","10","FI","N","4900 N Scottsdale Rd","Suite 1500","SCOTTSDALE","2023-10-10T00:00:00","2023","AZ","85251","7652","FDIC","0","0","110","11","FULL SERVICE - BRICK AND MORTAR","ARIZONA","4","2023179637","Full","0","0","0","0","0","647694","0","0"
"9999-12-31T00:00:00","9999","0","Y","59326","110","NEW INSTITUTION","Institution established. Original name: Nova Bank ().","STATE","0","0","0","0","NM","0","C","Commercial","21","MADISON","89","2024-01-26T00:00:00","2024","9999-12-31T00:00:00","9999","2024-01-26T00:00:00","2024","0","0","0","0","0","5","ATLANTA","","0","NM","C","Commercial","0","0","DIF","0","AL","0","FDIC","2024002297_110_650140__","DIF","0","","Nova Bank","0","0","34.725833001885","-86.582818984325","532 Madison St Se","","HUNTSVILLE","AL","ALABAMA","35801","4205","1","1","0","0","COMMERCIAL BANK","10","FI","Y","532 Madison St Se","","HUNTSVILLE","2024-02-01T00:00:00","2024","AL","35801","4205","FDIC","0","0","110","11","FULL SERVICE - BRICK AND MORTAR","ALABAMA","1","2024002297","","0","0","0","0","0","650140","0","0"